old_path,old_name,recording_id,source_ids,canonical_path,source_sha256
C:\Users\benja\Dropbox\THE PERFORMANCE TEAM\Sound Recordings\Testing\20260920-2047-36.4056800.mp4,20260920-2047-36.4056800.mp4,R4dda58c0ff99,,F:\SEED BANK\RECORDINGS\Assessments\2026-09-20 - Caliper assessment - submitted answers and review - R4dda58c0ff99.mp4,4dda58c0ff994e7c595f2e0b3703750669ec85898d464de9eeb4957c59eae67d
F:\SEED BANK\RECORDINGS\Recording (8).m4a,Recording (8).m4a,R27a28e19e229,,F:\SEED BANK\RECORDINGS\BBDF\2026-05-12 - BBDF and Obsidian - system presentation and project manager - R27a28e19e229.m4a,27a28e19e22981d9fef41c51da34ac5cb8d865f60ed8223e08357e4618532f6e
F:\SEED BANK\RECORDINGS\GABE_BEN_BBDF_conversatio_7-28-26.m4a,GABE_BEN_BBDF_conversatio_7-28-26.m4a,Re69a78266c65,,F:\SEED BANK\RECORDINGS\BBDF\2026-07-28 - Ben and Gabe - BBDF layout conversation - Re69a78266c65.m4a,e69a78266c65e222ea2719b1c698e09f66aed60bfcfed5eeecf42385f3f83f4a
F:\SEED BANK\RECORDINGS\Recording (9).m4a,Recording (9).m4a,R0dc9736b2581,,F:\SEED BANK\RECORDINGS\BBDF\2026-08-19 - Front Desk - development specs interface feedback - R0dc9736b2581.m4a,0dc9736b258199a844fbb2a00c9ad7a6c283d14abb2dfc90affe077880bcf905
F:\SEED BANK\RECORDINGS\recording for processing.MP4,recording for processing.MP4,R7892b6946280,,F:\SEED BANK\RECORDINGS\Design References\undated - Flow-field infographic animation - visual reference - R7892b6946280.mp4,7892b6946280699b6c429e997518251a12d22c57b64bdac279786fe115ab9657
F:\SEED BANK\RECORDINGS\Screen Recording 2026-09-10 233940.mp4,Screen Recording 2026-09-10 233940.mp4,R99dab593c0b0,S01,F:\SEED BANK\RECORDINGS\Home Inspection\2026-09-10 - S01 - Structural inspection foundations and reporting - R99dab593c0b0.mp4,99dab593c0b062d70aaff0d886503c67c9f7a84f186c16b340913b8656b67c0f
C:\Users\benja\Dropbox\THE PERFORMANCE TEAM\Sound Recordings\Screen Recording 2026-09-10 233940.mp4,Screen Recording 2026-09-10 233940.mp4,R99dab593c0b0,S01,F:\SEED BANK\RECORDINGS\Home Inspection\2026-09-10 - S01 - Structural inspection foundations and reporting - R99dab593c0b0.mp4,99dab593c0b062d70aaff0d886503c67c9f7a84f186c16b340913b8656b67c0f
F:\SEED BANK\RECORDINGS\Recording 2026-09-10 234813.mp4,Recording 2026-09-10 234813.mp4,R044a6c2cca64,S02,F:\SEED BANK\RECORDINGS\Home Inspection\2026-09-10 - S02 - Structural inspection exam review - R044a6c2cca64.mp4,044a6c2cca641a247a1bf85ea49d171960312627dddcbfe7afc81b17d0bdcf80
C:\Users\benja\Dropbox\THE PERFORMANCE TEAM\Sound Recordings\Recording 2026-09-10 234813.mp4,Recording 2026-09-10 234813.mp4,R044a6c2cca64,S02,F:\SEED BANK\RECORDINGS\Home Inspection\2026-09-10 - S02 - Structural inspection exam review - R044a6c2cca64.mp4,044a6c2cca641a247a1bf85ea49d171960312627dddcbfe7afc81b17d0bdcf80
F:\SEED BANK\RECORDINGS\Recording 2026-09-11 011637.mp4,Recording 2026-09-11 011637.mp4,Rb96f6c76cb87,S03,F:\SEED BANK\RECORDINGS\Home Inspection\2026-09-11 - S03 - Basement moisture drainage and framing - Rb96f6c76cb87.mp4,b96f6c76cb87191ee002843da79a03a16113ec8b744598bdeefabea9a924944a
C:\Users\benja\Dropbox\THE PERFORMANCE TEAM\Sound Recordings\Recording 2026-09-11 011637.mp4,Recording 2026-09-11 011637.mp4,Rb96f6c76cb87,S03,F:\SEED BANK\RECORDINGS\Home Inspection\2026-09-11 - S03 - Basement moisture drainage and framing - Rb96f6c76cb87.mp4,b96f6c76cb87191ee002843da79a03a16113ec8b744598bdeefabea9a924944a
F:\SEED BANK\RECORDINGS\Recording 2026-09-11 012220.mp4,Recording 2026-09-11 012220.mp4,R16044827fe25,S04,F:\SEED BANK\RECORDINGS\Home Inspection\2026-09-11 - S04 - Unit 3 exam and corrections - R16044827fe25.mp4,16044827fe25c8d585bebea0dd4a685bab11f85c8ba54227a13dcdc07c2a8936
C:\Users\benja\Dropbox\THE PERFORMANCE TEAM\Sound Recordings\Recording 2026-09-11 012220.mp4,Recording 2026-09-11 012220.mp4,R16044827fe25,S04,F:\SEED BANK\RECORDINGS\Home Inspection\2026-09-11 - S04 - Unit 3 exam and corrections - R16044827fe25.mp4,16044827fe25c8d585bebea0dd4a685bab11f85c8ba54227a13dcdc07c2a8936
F:\SEED BANK\RECORDINGS\Recording 2026-09-11 022829.mp4,Recording 2026-09-11 022829.mp4,Rff015d97e3a9,S05,F:\SEED BANK\RECORDINGS\Home Inspection\2026-09-11 - S05 - Crawl spaces slabs post-tension construction and Unit 4 exam review - Rff015d97e3a9.mp4,ff015d97e3a9382bf77c9a16ca032860c87732e94c5fb6db69f81fe50efebbcb
C:\Users\benja\Dropbox\THE PERFORMANCE TEAM\Sound Recordings\Recording 2026-09-11 022829.mp4,Recording 2026-09-11 022829.mp4,Rff015d97e3a9,S05,F:\SEED BANK\RECORDINGS\Home Inspection\2026-09-11 - S05 - Crawl spaces slabs post-tension construction and Unit 4 exam review - Rff015d97e3a9.mp4,ff015d97e3a9382bf77c9a16ca032860c87732e94c5fb6db69f81fe50efebbcb
F:\SEED BANK\RECORDINGS\Recording 2026-09-14 190639.mp4,Recording 2026-09-14 190639.mp4,R2e3a694d32ed,S06,F:\SEED BANK\RECORDINGS\Home Inspection\2026-09-14 - S06 - Wall systems masonry and alternative construction - R2e3a694d32ed.mp4,2e3a694d32ede4be93d0f9a4fbe26ca77196a382b579f9cf60501f9624540d4d
C:\Users\benja\Dropbox\THE PERFORMANCE TEAM\Sound Recordings\Recording 2026-09-14 190639.mp4,Recording 2026-09-14 190639.mp4,R2e3a694d32ed,S06,F:\SEED BANK\RECORDINGS\Home Inspection\2026-09-14 - S06 - Wall systems masonry and alternative construction - R2e3a694d32ed.mp4,2e3a694d32ede4be93d0f9a4fbe26ca77196a382b579f9cf60501f9624540d4d
F:\SEED BANK\RECORDINGS\Recording 2026-09-14 194327.mp4,Recording 2026-09-14 194327.mp4,R42dddc0ed57a,S07,F:\SEED BANK\RECORDINGS\Home Inspection\2026-09-14 - S07 - Floor-framing review and Unit 5 exam - R42dddc0ed57a.mp4,42dddc0ed57a9db03c3e8f5152776b3f0eea4aa02107d6c180d38814b2e1c621
C:\Users\benja\Dropbox\THE PERFORMANCE TEAM\Sound Recordings\Recording 2026-09-14 194327.mp4,Recording 2026-09-14 194327.mp4,R42dddc0ed57a,S07,F:\SEED BANK\RECORDINGS\Home Inspection\2026-09-14 - S07 - Floor-framing review and Unit 5 exam - R42dddc0ed57a.mp4,42dddc0ed57a9db03c3e8f5152776b3f0eea4aa02107d6c180d38814b2e1c621
F:\SEED BANK\RECORDINGS\Recording 2026-09-14 205324.mp4,Recording 2026-09-14 205324.mp4,Rb36b98f2c9f5,S08,F:\SEED BANK\RECORDINGS\Home Inspection\2026-09-14 - S08 - Roof framing attics manufactured-home structure and Unit 6 exam - Rb36b98f2c9f5.mp4,b36b98f2c9f5448030f3fcfec85681729fa2d23ea4588c853bd7542c962347d3
C:\Users\benja\Dropbox\THE PERFORMANCE TEAM\Sound Recordings\Recording 2026-09-14 205324.mp4,Recording 2026-09-14 205324.mp4,Rb36b98f2c9f5,S08,F:\SEED BANK\RECORDINGS\Home Inspection\2026-09-14 - S08 - Roof framing attics manufactured-home structure and Unit 6 exam - Rb36b98f2c9f5.mp4,b36b98f2c9f5448030f3fcfec85681729fa2d23ea4588c853bd7542c962347d3
F:\SEED BANK\RECORDINGS\Recording 2026-09-14 210337.mp4,Recording 2026-09-14 210337.mp4,Re3f644018458,S09,F:\SEED BANK\RECORDINGS\Home Inspection\2026-09-14 - S09 - Exterior inspection overview and two Unit 1 exam attempts - Re3f644018458.mp4,e3f6440184584d97b482cf359fa9f43d7fe968b66cdf5918b068fcd8a21542ee
C:\Users\benja\Dropbox\THE PERFORMANCE TEAM\Sound Recordings\Recording 2026-09-14 210337.mp4,Recording 2026-09-14 210337.mp4,Re3f644018458,S09,F:\SEED BANK\RECORDINGS\Home Inspection\2026-09-14 - S09 - Exterior inspection overview and two Unit 1 exam attempts - Re3f644018458.mp4,e3f6440184584d97b482cf359fa9f43d7fe968b66cdf5918b068fcd8a21542ee
F:\SEED BANK\RECORDINGS\Recording 2026-09-14 221540.mp4,Recording 2026-09-14 221540.mp4,R8d95fc5ae894,S10,F:\SEED BANK\RECORDINGS\Home Inspection\2026-09-14 - S10 - Siding materials stucco EIFS and masonry - R8d95fc5ae894.mp4,8d95fc5ae89425bca0fbe7c3368ca260bfab180cbd52cd769ddcd27869aec5d9
C:\Users\benja\Dropbox\THE PERFORMANCE TEAM\Sound Recordings\Recording 2026-09-14 221540.mp4,Recording 2026-09-14 221540.mp4,R8d95fc5ae894,S10,F:\SEED BANK\RECORDINGS\Home Inspection\2026-09-14 - S10 - Siding materials stucco EIFS and masonry - R8d95fc5ae894.mp4,8d95fc5ae89425bca0fbe7c3368ca260bfab180cbd52cd769ddcd27869aec5d9
C:\Users\datab\Dropbox\BEN_BALL\BB_DOCS\Sound Recordings\Recording 2026-09-14 221540.mp4,Recording 2026-09-14 221540.mp4,R8d95fc5ae894,S10,F:\SEED BANK\RECORDINGS\Home Inspection\2026-09-14 - S10 - Siding materials stucco EIFS and masonry - R8d95fc5ae894.mp4,8d95fc5ae89425bca0fbe7c3368ca260bfab180cbd52cd769ddcd27869aec5d9
F:\SEED BANK\RECORDINGS\Recording 2026-09-14 233543.mp4,Recording 2026-09-14 233543.mp4,R5f428da418dd,S11,F:\SEED BANK\RECORDINGS\Home Inspection\2026-09-14 - S11 - Veneer details paint reporting and two Unit 2 exam attempts - R5f428da418dd.mp4,5f428da418ddcd022a11a83eccf82530697b4b56f3d691fb19b12a78caedcc8e
F:\SEED BANK\RECORDINGS\Recording 2026-09-14 234051.mp4,Recording 2026-09-14 234051.mp4,R5f428da418dd,S11,F:\SEED BANK\RECORDINGS\Home Inspection\2026-09-14 - S11 - Veneer details paint reporting and two Unit 2 exam attempts - R5f428da418dd.mp4,5f428da418ddcd022a11a83eccf82530697b4b56f3d691fb19b12a78caedcc8e
C:\Users\benja\Dropbox\THE PERFORMANCE TEAM\Sound Recordings\Recording 2026-09-14 233543.mp4,Recording 2026-09-14 233543.mp4,R5f428da418dd,S11,F:\SEED BANK\RECORDINGS\Home Inspection\2026-09-14 - S11 - Veneer details paint reporting and two Unit 2 exam attempts - R5f428da418dd.mp4,5f428da418ddcd022a11a83eccf82530697b4b56f3d691fb19b12a78caedcc8e
C:\Users\datab\Dropbox\BEN_BALL\BB_DOCS\Sound Recordings\Recording 2026-09-14 233543.mp4,Recording 2026-09-14 233543.mp4,R5f428da418dd,S11,F:\SEED BANK\RECORDINGS\Home Inspection\2026-09-14 - S11 - Veneer details paint reporting and two Unit 2 exam attempts - R5f428da418dd.mp4,5f428da418ddcd022a11a83eccf82530697b4b56f3d691fb19b12a78caedcc8e
C:\Users\datab\Dropbox\BEN_BALL\BB_DOCS\Sound Recordings\Recording 2026-09-14 234051.mp4,Recording 2026-09-14 234051.mp4,R5f428da418dd,S11,F:\SEED BANK\RECORDINGS\Home Inspection\2026-09-14 - S11 - Veneer details paint reporting and two Unit 2 exam attempts - R5f428da418dd.mp4,5f428da418ddcd022a11a83eccf82530697b4b56f3d691fb19b12a78caedcc8e
F:\SEED BANK\RECORDINGS\Recording 2026-09-14 234225.mp4,Recording 2026-09-14 234225.mp4,R9f85365ef2e0,S12,F:\SEED BANK\RECORDINGS\Home Inspection\2026-09-14 - S12 - Second-attempt correction review and Unit 3 welcome - R9f85365ef2e0.mp4,9f85365ef2e0fd13603d2addff07c5269616f578583547ce96757f7c45d2ca84
C:\Users\benja\Dropbox\THE PERFORMANCE TEAM\Sound Recordings\Recording 2026-09-14 234225.mp4,Recording 2026-09-14 234225.mp4,R9f85365ef2e0,S12,F:\SEED BANK\RECORDINGS\Home Inspection\2026-09-14 - S12 - Second-attempt correction review and Unit 3 welcome - R9f85365ef2e0.mp4,9f85365ef2e0fd13603d2addff07c5269616f578583547ce96757f7c45d2ca84
C:\Users\datab\Dropbox\BEN_BALL\BB_DOCS\Sound Recordings\Recording 2026-09-14 234225.mp4,Recording 2026-09-14 234225.mp4,R9f85365ef2e0,S12,F:\SEED BANK\RECORDINGS\Home Inspection\2026-09-14 - S12 - Second-attempt correction review and Unit 3 welcome - R9f85365ef2e0.mp4,9f85365ef2e0fd13603d2addff07c5269616f578583547ce96757f7c45d2ca84
F:\SEED BANK\RECORDINGS\Recording 2026-09-16 091853.mp4,Recording 2026-09-16 091853.mp4,R98bb3a8dee37,S13,F:\SEED BANK\RECORDINGS\Home Inspection\2026-09-16 - S13 - Exterior Unit 3 trim windows doors and two exam attempts - R98bb3a8dee37.mp4,98bb3a8dee3715de368a5423121b2bccdb76fa6f4846de408dbf8d3c4d307df8
C:\Users\benja\Dropbox\THE PERFORMANCE TEAM\Sound Recordings\Recording 2026-09-16 091853.mp4,Recording 2026-09-16 091853.mp4,R98bb3a8dee37,S13,F:\SEED BANK\RECORDINGS\Home Inspection\2026-09-16 - S13 - Exterior Unit 3 trim windows doors and two exam attempts - R98bb3a8dee37.mp4,98bb3a8dee3715de368a5423121b2bccdb76fa6f4846de408dbf8d3c4d307df8
C:\Users\datab\Dropbox\BEN_BALL\BB_DOCS\Sound Recordings\Recording 2026-09-16 091853.mp4,Recording 2026-09-16 091853.mp4,R98bb3a8dee37,S13,F:\SEED BANK\RECORDINGS\Home Inspection\2026-09-16 - S13 - Exterior Unit 3 trim windows doors and two exam attempts - R98bb3a8dee37.mp4,98bb3a8dee3715de368a5423121b2bccdb76fa6f4846de408dbf8d3c4d307df8
F:\SEED BANK\RECORDINGS\Recording 2026-09-16 111318.mp4,Recording 2026-09-16 111318.mp4,R5718196d8018,S14,F:\SEED BANK\RECORDINGS\Home Inspection\2026-09-16 - S14 - Exterior Unit 4 platforms stairs site and retaining walls 21-question exam - R5718196d8018.mp4,5718196d8018470f98e26d7ac2eef044905b4ee30cf1c097b1712284a17dcb73
C:\Users\benja\Dropbox\THE PERFORMANCE TEAM\Sound Recordings\Recording 2026-09-16 111318.mp4,Recording 2026-09-16 111318.mp4,R5718196d8018,S14,F:\SEED BANK\RECORDINGS\Home Inspection\2026-09-16 - S14 - Exterior Unit 4 platforms stairs site and retaining walls 21-question exam - R5718196d8018.mp4,5718196d8018470f98e26d7ac2eef044905b4ee30cf1c097b1712284a17dcb73
C:\Users\datab\Dropbox\BEN_BALL\BB_DOCS\Sound Recordings\Recording 2026-09-16 111318.mp4,Recording 2026-09-16 111318.mp4,R5718196d8018,S14,F:\SEED BANK\RECORDINGS\Home Inspection\2026-09-16 - S14 - Exterior Unit 4 platforms stairs site and retaining walls 21-question exam - R5718196d8018.mp4,5718196d8018470f98e26d7ac2eef044905b4ee30cf1c097b1712284a17dcb73
F:\SEED BANK\RECORDINGS\Recording 2026-09-17 110032.mp4,Recording 2026-09-17 110032.mp4,R89771f996a65,S15,F:\SEED BANK\RECORDINGS\Home Inspection\2026-09-17 - S15 - Garage separation appliances and vehicle doors - R89771f996a65.mp4,89771f996a65076fab51b7bb147b96156a035a07ab9912a4c4dd21617aa56ff6
C:\Users\benja\Dropbox\THE PERFORMANCE TEAM\Sound Recordings\Recording 2026-09-17 110032.mp4,Recording 2026-09-17 110032.mp4,R89771f996a65,S15,F:\SEED BANK\RECORDINGS\Home Inspection\2026-09-17 - S15 - Garage separation appliances and vehicle doors - R89771f996a65.mp4,89771f996a65076fab51b7bb147b96156a035a07ab9912a4c4dd21617aa56ff6
F:\SEED BANK\RECORDINGS\Recording 2026-09-17 111356.mp4,Recording 2026-09-17 111356.mp4,R0ad605bb9ac3,S16,F:\SEED BANK\RECORDINGS\Home Inspection\2026-09-17 - S16 - Silent garage exam and correction - R0ad605bb9ac3.mp4,0ad605bb9ac3f7e0a296edb6db7972002cbce6326279d5f13cc9383aa4e58f18
C:\Users\benja\Dropbox\THE PERFORMANCE TEAM\Sound Recordings\Recording 2026-09-17 111356.mp4,Recording 2026-09-17 111356.mp4,R0ad605bb9ac3,S16,F:\SEED BANK\RECORDINGS\Home Inspection\2026-09-17 - S16 - Silent garage exam and correction - R0ad605bb9ac3.mp4,0ad605bb9ac3f7e0a296edb6db7972002cbce6326279d5f13cc9383aa4e58f18
F:\SEED BANK\RECORDINGS\Recording 2026-09-17 115438.mp4,Recording 2026-09-17 115438.mp4,Ra7023a5d67da,S17,F:\SEED BANK\RECORDINGS\Home Inspection\2026-09-17 - S17 - Roof forms coverings and unit exam - Ra7023a5d67da.mp4,a7023a5d67dadc7210da7c2b5303eca2517c77e71917e6f716022e774decb721
C:\Users\benja\Dropbox\THE PERFORMANCE TEAM\Sound Recordings\Recording 2026-09-17 115438.mp4,Recording 2026-09-17 115438.mp4,Ra7023a5d67da,S17,F:\SEED BANK\RECORDINGS\Home Inspection\2026-09-17 - S17 - Roof forms coverings and unit exam - Ra7023a5d67da.mp4,a7023a5d67dadc7210da7c2b5303eca2517c77e71917e6f716022e774decb721
F:\SEED BANK\RECORDINGS\Recording 2026-09-18 003558.mp4,Recording 2026-09-18 003558.mp4,R08bf713c666b,S18,F:\SEED BANK\RECORDINGS\Home Inspection\2026-09-18 - S18 - Roof flashing chimneys drainage and exams plumbing introduction - R08bf713c666b.mp4,08bf713c666b68644442a1ae48d720b1d5701d39cee035d1c94621de3390311c
F:\SEED BANK\RECORDINGS\Recording 2026-09-18 011627.mp4,Recording 2026-09-18 011627.mp4,R08bf713c666b,S18,F:\SEED BANK\RECORDINGS\Home Inspection\2026-09-18 - S18 - Roof flashing chimneys drainage and exams plumbing introduction - R08bf713c666b.mp4,08bf713c666b68644442a1ae48d720b1d5701d39cee035d1c94621de3390311c
C:\Users\benja\Dropbox\THE PERFORMANCE TEAM\Sound Recordings\Recording 2026-09-18 003558.mp4,Recording 2026-09-18 003558.mp4,R08bf713c666b,S18,F:\SEED BANK\RECORDINGS\Home Inspection\2026-09-18 - S18 - Roof flashing chimneys drainage and exams plumbing introduction - R08bf713c666b.mp4,08bf713c666b68644442a1ae48d720b1d5701d39cee035d1c94621de3390311c
F:\SEED BANK\RECORDINGS\Recording 2026-09-18 012919.mp4,Recording 2026-09-18 012919.mp4,R243f3d5e35e2,S19,F:\SEED BANK\RECORDINGS\Home Inspection\2026-09-18 - S19 - Private water supply and well components - R243f3d5e35e2.mp4,243f3d5e35e2ff9bed74e7938ff59c1d9a7427fcb6b0c61b2ca56c12a4fd8743
C:\Users\benja\Dropbox\THE PERFORMANCE TEAM\Sound Recordings\Recording 2026-09-18 012919.mp4,Recording 2026-09-18 012919.mp4,R243f3d5e35e2,S19,F:\SEED BANK\RECORDINGS\Home Inspection\2026-09-18 - S19 - Private water supply and well components - R243f3d5e35e2.mp4,243f3d5e35e2ff9bed74e7938ff59c1d9a7427fcb6b0c61b2ca56c12a4fd8743
F:\SEED BANK\RECORDINGS\Recording 2026-09-18 121952.mp4,Recording 2026-09-18 121952.mp4,Rad28e921f9c3,S20,F:\SEED BANK\RECORDINGS\Home Inspection\2026-09-18 - S20 - Supply materials fixtures DWV pumps and exams - Rad28e921f9c3.mp4,ad28e921f9c37b0140fffd7b02bd2fd76f396be052b7cda6d536f0ea996edb8d
C:\Users\benja\Dropbox\THE PERFORMANCE TEAM\Sound Recordings\Recording 2026-09-18 121952.mp4,Recording 2026-09-18 121952.mp4,Rad28e921f9c3,S20,F:\SEED BANK\RECORDINGS\Home Inspection\2026-09-18 - S20 - Supply materials fixtures DWV pumps and exams - Rad28e921f9c3.mp4,ad28e921f9c37b0140fffd7b02bd2fd76f396be052b7cda6d536f0ea996edb8d
F:\SEED BANK\RECORDINGS\Recording 2026-09-18 140244.mp4,Recording 2026-09-18 140244.mp4,Rffa6eb843912,S21,F:\SEED BANK\RECORDINGS\Home Inspection\2026-09-18 - S21 - Water-heater identification and installation - Rffa6eb843912.mp4,ffa6eb843912c7903f270977309d9e4b67edac412f67c9100e7b13b461234029
C:\Users\benja\Dropbox\THE PERFORMANCE TEAM\Sound Recordings\Recording 2026-09-18 140244.mp4,Recording 2026-09-18 140244.mp4,Rffa6eb843912,S21,F:\SEED BANK\RECORDINGS\Home Inspection\2026-09-18 - S21 - Water-heater identification and installation - Rffa6eb843912.mp4,ffa6eb843912c7903f270977309d9e4b67edac412f67c9100e7b13b461234029
F:\SEED BANK\RECORDINGS\Recording 2026-09-18 144439.mp4,Recording 2026-09-18 144439.mp4,Rc411fc3b0709,S22,F:\SEED BANK\RECORDINGS\Home Inspection\2026-09-18 - S22 - Water-heater controls and installation - Rc411fc3b0709.mp4,c411fc3b070924ebee469d80eda853a6a81309cd98ea0873685dedbf94ce2588
C:\Users\benja\Dropbox\THE PERFORMANCE TEAM\Sound Recordings\Recording 2026-09-18 144439.mp4,Recording 2026-09-18 144439.mp4,Rc411fc3b0709,S22,F:\SEED BANK\RECORDINGS\Home Inspection\2026-09-18 - S22 - Water-heater controls and installation - Rc411fc3b0709.mp4,c411fc3b070924ebee469d80eda853a6a81309cd98ea0873685dedbf94ce2588
F:\SEED BANK\RECORDINGS\Recording 2026-09-18 172206.mp4,Recording 2026-09-18 172206.mp4,Rba33f1186fc2,S23,F:\SEED BANK\RECORDINGS\Home Inspection\2026-09-18 - S23 - Water-heater operation relief and gas observations - Rba33f1186fc2.mp4,ba33f1186fc21343dd6b0d7dc3508f5e55ecb1ed99202f02996d322209343d0f
C:\Users\benja\Dropbox\THE PERFORMANCE TEAM\Sound Recordings\Recording 2026-09-18 172206.mp4,Recording 2026-09-18 172206.mp4,Rba33f1186fc2,S23,F:\SEED BANK\RECORDINGS\Home Inspection\2026-09-18 - S23 - Water-heater operation relief and gas observations - Rba33f1186fc2.mp4,ba33f1186fc21343dd6b0d7dc3508f5e55ecb1ed99202f02996d322209343d0f
F:\SEED BANK\RECORDINGS\Recording 2026-09-18 223213.mp4,Recording 2026-09-18 223213.mp4,Rd461dbaebbf8,S24,F:\SEED BANK\RECORDINGS\Home Inspection\2026-09-18 - S24 - Water-heating variants fuel gas electrical service and exams - Rd461dbaebbf8.mp4,d461dbaebbf85fb0e9a9fdccc7d1a514f8045028b86b4c5d952ba5388018b021
C:\Users\benja\Dropbox\THE PERFORMANCE TEAM\Sound Recordings\Recording 2026-09-18 223213.mp4,Recording 2026-09-18 223213.mp4,Rd461dbaebbf8,S24,F:\SEED BANK\RECORDINGS\Home Inspection\2026-09-18 - S24 - Water-heating variants fuel gas electrical service and exams - Rd461dbaebbf8.mp4,d461dbaebbf85fb0e9a9fdccc7d1a514f8045028b86b4c5d952ba5388018b021
F:\SEED BANK\RECORDINGS\Recording 2026-09-19 034743.mp4,Recording 2026-09-19 034743.mp4,R2a875ef95a62,S25,F:\SEED BANK\RECORDINGS\Home Inspection\2026-09-19 - S25 - Electrical panels and branch-wiring context - R2a875ef95a62.mp4,2a875ef95a628d3123ebc183ee26764e3ac1105c2a17dfa36cb55b593da71476
C:\Users\benja\Dropbox\THE PERFORMANCE TEAM\Sound Recordings\Recording 2026-09-19 034743.mp4,Recording 2026-09-19 034743.mp4,R2a875ef95a62,S25,F:\SEED BANK\RECORDINGS\Home Inspection\2026-09-19 - S25 - Electrical panels and branch-wiring context - R2a875ef95a62.mp4,2a875ef95a628d3123ebc183ee26764e3ac1105c2a17dfa36cb55b593da71476
F:\SEED BANK\RECORDINGS\Recording 2026-09-19 044237.mp4,Recording 2026-09-19 044237.mp4,R2cb6eb67e532,S26,F:\SEED BANK\RECORDINGS\Home Inspection\2026-09-19 - S26 - Multiwire circuits wiring methods legacy conductors and exam - R2cb6eb67e532.mp4,2cb6eb67e532d77a7231a97033fb52418f3377391b1c27cb476c25318551413c
C:\Users\benja\Dropbox\THE PERFORMANCE TEAM\Sound Recordings\Recording 2026-09-19 044237.mp4,Recording 2026-09-19 044237.mp4,R2cb6eb67e532,S26,F:\SEED BANK\RECORDINGS\Home Inspection\2026-09-19 - S26 - Multiwire circuits wiring methods legacy conductors and exam - R2cb6eb67e532.mp4,2cb6eb67e532d77a7231a97033fb52418f3377391b1c27cb476c25318551413c
F:\SEED BANK\RECORDINGS\Recording 2026-09-19 051411.mp4,Recording 2026-09-19 051411.mp4,Rd8d96dffe7dd,S27,F:\SEED BANK\RECORDINGS\Home Inspection\2026-09-19 - S27 - Devices recessed-light correction and exam - Rd8d96dffe7dd.mp4,d8d96dffe7dd58486ed81cc7778a6693349520876ecc62a768f91de5958f060a
C:\Users\benja\Dropbox\THE PERFORMANCE TEAM\Sound Recordings\Recording 2026-09-19 051411.mp4,Recording 2026-09-19 051411.mp4,Rd8d96dffe7dd,S27,F:\SEED BANK\RECORDINGS\Home Inspection\2026-09-19 - S27 - Devices recessed-light correction and exam - Rd8d96dffe7dd.mp4,d8d96dffe7dd58486ed81cc7778a6693349520876ecc62a768f91de5958f060a
F:\SEED BANK\RECORDINGS\Recording 2026-09-19 180545.mp4,Recording 2026-09-19 180545.mp4,R5947190be597,S28,F:\SEED BANK\RECORDINGS\Home Inspection\2026-09-19 - S28 - Gas heating controls combustion and exams - R5947190be597.mp4,5947190be597ecdb8bb1c5a1a1b3d56440dfcf494e9265185f4a49efff5cfae0
C:\Users\benja\Dropbox\THE PERFORMANCE TEAM\Sound Recordings\Recording 2026-09-19 180545.mp4,Recording 2026-09-19 180545.mp4,R5947190be597,S28,F:\SEED BANK\RECORDINGS\Home Inspection\2026-09-19 - S28 - Gas heating controls combustion and exams - R5947190be597.mp4,5947190be597ecdb8bb1c5a1a1b3d56440dfcf494e9265185f4a49efff5cfae0
F:\SEED BANK\RECORDINGS\Recording 2026-09-19 202731.mp4,Recording 2026-09-19 202731.mp4,Rdffd2cdda69d,S29,F:\SEED BANK\RECORDINGS\Home Inspection\2026-09-19 - S29 - Oil heating gravity distribution and exams - Rdffd2cdda69d.mp4,dffd2cdda69d12e0552bd7621f25a7603ff9e83b56dd39344673bd6156844e77
C:\Users\benja\Dropbox\THE PERFORMANCE TEAM\Sound Recordings\Recording 2026-09-19 202731.mp4,Recording 2026-09-19 202731.mp4,Rdffd2cdda69d,S29,F:\SEED BANK\RECORDINGS\Home Inspection\2026-09-19 - S29 - Oil heating gravity distribution and exams - Rdffd2cdda69d.mp4,dffd2cdda69d12e0552bd7621f25a7603ff9e83b56dd39344673bd6156844e77
F:\SEED BANK\RECORDINGS\Recording 2026-09-19 223745.mp4,Recording 2026-09-19 223745.mp4,R4834593f20c1,S30,F:\SEED BANK\RECORDINGS\Home Inspection\2026-09-19 - S30 - Furnace inspection airflow venting heat exchangers and oil draft - R4834593f20c1.mp4,4834593f20c19a68ca8326d22817a2a57d4ddeddb833ab41de188643b4354638
C:\Users\benja\Dropbox\THE PERFORMANCE TEAM\Sound Recordings\Recording 2026-09-19 223745.mp4,Recording 2026-09-19 223745.mp4,R4834593f20c1,S30,F:\SEED BANK\RECORDINGS\Home Inspection\2026-09-19 - S30 - Furnace inspection airflow venting heat exchangers and oil draft - R4834593f20c1.mp4,4834593f20c19a68ca8326d22817a2a57d4ddeddb833ab41de188643b4354638
C:\Users\benja\Dropbox\THE PERFORMANCE TEAM\Sound Recordings\20260920-2037-30.7704618.mp4,20260920-2037-30.7704618.mp4,Rd9acf858195a,S31,"F:\SEED BANK\RECORDINGS\Home Inspection\2026-09-20 - S31 - Cooling and heat pumps, interior scope, plaster-drywall and moisture, three recorded exams - Rd9acf858195a.mp4",d9acf858195a3e588692dbc3d6cfe9d3783e76914e98eac9e46fb3ff37faaa84
C:\Users\benja\Dropbox\THE PERFORMANCE TEAM\Sound Recordings\Recording 2026-09-20 191213.mp4,Recording 2026-09-20 191213.mp4,Rd9acf858195a,S31,"F:\SEED BANK\RECORDINGS\Home Inspection\2026-09-20 - S31 - Cooling and heat pumps, interior scope, plaster-drywall and moisture, three recorded exams - Rd9acf858195a.mp4",d9acf858195a3e588692dbc3d6cfe9d3783e76914e98eac9e46fb3ff37faaa84
C:\Users\benja\Dropbox\THE PERFORMANCE TEAM\Sound Recordings\20260921-0325-13.3188907.mp4,20260921-0325-13.3188907.mp4,R8c7b33134e79,S32,"F:\SEED BANK\RECORDINGS\Home Inspection\2026-09-20 - S32 - Interior Unit 7 opening, personally flagged Code Check 3-way and 4-way switching chart - R8c7b33134e79.mp4",8c7b33134e7923f5ed6f61ccc89cfe72a39faf7e3eb762795bc97d85267a1feb
C:\Users\benja\Dropbox\THE PERFORMANCE TEAM\Sound Recordings\Recording 2026-09-20 232624.mp4,Recording 2026-09-20 232624.mp4,R8c7b33134e79,S32,"F:\SEED BANK\RECORDINGS\Home Inspection\2026-09-20 - S32 - Interior Unit 7 opening, personally flagged Code Check 3-way and 4-way switching chart - R8c7b33134e79.mp4",8c7b33134e7923f5ed6f61ccc89cfe72a39faf7e3eb762795bc97d85267a1feb
C:\Users\benja\Dropbox\THE PERFORMANCE TEAM\Sound Recordings\20260920-0244-29.6601114.mp4,20260920-0244-29.6601114.mp4,Rd37a7149f40e,S38,F:\SEED BANK\RECORDINGS\Home Inspection\2026-09-20 - S38 - Hydronic and electric heating refrigeration and cooling lessons - Rd37a7149f40e.mp4,d37a7149f40e6986ab19cfb468c583da10c99d0d642f1c9e835aab19f83bba99
F:\SEED BANK\RECORDINGS\Home Inspection\2026-09-20 - S38 - Hydronic and electric heating refrigeration and cooling lessons - Rd37a7149f40e.mp4,2026-09-20 - S38 - Hydronic and electric heating refrigeration and cooling lessons - Rd37a7149f40e.mp4,Rd37a7149f40e,S38,F:\SEED BANK\RECORDINGS\Home Inspection\2026-09-20 - S38 - Hydronic and electric heating refrigeration and cooling lessons - Rd37a7149f40e.mp4,d37a7149f40e6986ab19cfb468c583da10c99d0d642f1c9e835aab19f83bba99
C:\Users\benja\Dropbox\THE PERFORMANCE TEAM\Sound Recordings\20260921-0326-42.4669895.mp4,20260921-0326-42.4669895.mp4,Ra21571269462,S33,F:\SEED BANK\RECORDINGS\Home Inspection\2026-09-21 - S33 - Kitchen appliances bathrooms laundry and life safety - Ra21571269462.mp4,a21571269462345055a7168382083b49db6912875ea8486fb4e93acf89dec059
C:\Users\benja\Dropbox\THE PERFORMANCE TEAM\Sound Recordings\Recording 2026-09-21 020522.mp4,Recording 2026-09-21 020522.mp4,Ra21571269462,S33,F:\SEED BANK\RECORDINGS\Home Inspection\2026-09-21 - S33 - Kitchen appliances bathrooms laundry and life safety - Ra21571269462.mp4,a21571269462345055a7168382083b49db6912875ea8486fb4e93acf89dec059
C:\Users\benja\Dropbox\THE PERFORMANCE TEAM\Sound Recordings\20260921-0614-52.4793553.mp4,20260921-0614-52.4793553.mp4,R009a2c2c3904,S34,F:\SEED BANK\RECORDINGS\Home Inspection\2026-09-21 - S34 - Insulation air and vapor control ventilation and exams - R009a2c2c3904.mp4,009a2c2c39047963b9a24da6b27af778c2cb01c46e23e3dc7494f6eb83dafd17
C:\Users\benja\Dropbox\THE PERFORMANCE TEAM\Sound Recordings\Recording 2026-09-21 044719.mp4,Recording 2026-09-21 044719.mp4,R009a2c2c3904,S34,F:\SEED BANK\RECORDINGS\Home Inspection\2026-09-21 - S34 - Insulation air and vapor control ventilation and exams - R009a2c2c3904.mp4,009a2c2c39047963b9a24da6b27af778c2cb01c46e23e3dc7494f6eb83dafd17
C:\Users\benja\Dropbox\THE PERFORMANCE TEAM\Sound Recordings\20260921-0852-08.6462659.mp4,20260921-0852-08.6462659.mp4,R6bd9539d3eba,S35,F:\SEED BANK\RECORDINGS\Home Inspection\2026-09-21 - S35 - Insulation completion pools irrigation environmental topics and course exam review - R6bd9539d3eba.mp4,6bd9539d3ebad1b5361765e10f5387130f822edacdb0bfc89efd3dea2154bb87
C:\Users\benja\Dropbox\THE PERFORMANCE TEAM\Sound Recordings\20260921-1017-10.4919007.mp4,20260921-1017-10.4919007.mp4,Re6da3a6100ac,S36,F:\SEED BANK\RECORDINGS\Home Inspection\2026-09-21 - S36 - Inspector role outline and initial practice assessment - Re6da3a6100ac.mp4,e6da3a6100ac7f97b01234807281192b0ef94c158690060845c82b0b3c0a1f37
C:\Users\benja\Dropbox\THE PERFORMANCE TEAM\Sound Recordings\20260921-1059-44.5643258.mp4,20260921-1059-44.5643258.mp4,R51371bd68c3f,S37,F:\SEED BANK\RECORDINGS\Home Inspection\2026-09-21 - S37 - Initial practice assessment result - 36 of 50 72 percent - R51371bd68c3f.mp4,51371bd68c3fb80791b2fe87853fb6f28ec8a650a2189bc6a3f3e9dfab037caa
C:\Users\benja\Dropbox\THE PERFORMANCE TEAM\Sound Recordings\Recording 2026-09-21 070110.mp4,Recording 2026-09-21 070110.mp4,R51371bd68c3f,S37,F:\SEED BANK\RECORDINGS\Home Inspection\2026-09-21 - S37 - Initial practice assessment result - 36 of 50 72 percent - R51371bd68c3f.mp4,51371bd68c3fb80791b2fe87853fb6f28ec8a650a2189bc6a3f3e9dfab037caa
C:\Users\benja\Dropbox\THE PERFORMANCE TEAM\Sound Recordings\Address eval\Snapshot\Snapshot_505WalkerAve_GoogleMaps.mp4,Snapshot_505WalkerAve_GoogleMaps.mp4,R70c2edb4c1f5,PS-505-01,F:\SEED BANK\RECORDINGS\Property Reviews\2026-09-20 - PS-505-01 - 505 Walker Ave - Google Maps and Street View snapshot - R70c2edb4c1f5.mp4,70c2edb4c1f505e56acda72e008cf33ee61a5059e82099bfb2f7d1ce1f34f0de
C:\Users\benja\Dropbox\THE PERFORMANCE TEAM\Sound Recordings\20260920-2321-59.9933838.mp4,20260920-2321-59.9933838.mp4,R4f902a2e300b,,F:\SEED BANK\RECORDINGS\Recovery\2026-09-20 - Interior lessons - interrupted original preserved - R4f902a2e300b.mp4,4f902a2e300b82dcf4b00de8b69dc3cbe3d3daa768053408b481b31d0c70e871
F:\SEED BANK\RECORDINGS\Recording (5).m4a,Recording (5).m4a,R305a9fec5799,,F:\SEED BANK\RECORDINGS\Silent Captures\2026-04-06 - Silent audio capture - 18 seconds - R305a9fec5799.m4a,305a9fec57995d964c8d0a386f331f8f4d0d6cc0295d5913ed7f07c747eefe1e
F:\SEED BANK\RECORDINGS\Recording (6).m4a,Recording (6).m4a,R60bf0e4edde5,,F:\SEED BANK\RECORDINGS\Silent Captures\2026-04-06 - Silent audio capture - 49 seconds - R60bf0e4edde5.m4a,60bf0e4edde51384496eb1fdbe19d27476cf13613d59d051a46029cf2ff8cff2
F:\SEED BANK\RECORDINGS\Recording (7).m4a,Recording (7).m4a,R644a8f35076c,,F:\SEED BANK\RECORDINGS\Silent Captures\2026-04-06 - Silent audio capture - 7 seconds - R644a8f35076c.m4a,644a8f35076c0f5725937a7c7355f449ab7d46bddb4434230ca74ce7a69ec235
F:\SEED BANK\RECORDINGS\Recording (3).m4a,Recording (3).m4a,R6a1c01550075,,F:\SEED BANK\RECORDINGS\Silent Captures\2026-04-06 - Silent audio capture - 15 seconds - R6a1c01550075.m4a,6a1c015500757f5723626890ad1f8477361ee6ff8604bb6f0bac1d58adbf93d4
F:\SEED BANK\RECORDINGS\Recording (4).m4a,Recording (4).m4a,Rc1638812dff1,,F:\SEED BANK\RECORDINGS\Silent Captures\2026-04-06 - Silent audio capture - 9 seconds - Rc1638812dff1.m4a,c1638812dff1be268a344cd50012b1a0e67988ab1243c59a5271b0141b0deb35
F:\SEED BANK\RECORDINGS\Recording (2).m4a,Recording (2).m4a,Reeea47cf9c91,,F:\SEED BANK\RECORDINGS\Unidentified Audio\2026-04-02 - Audio note - content unconfirmed - Recording 2 - Reeea47cf9c91.m4a,eeea47cf9c91a6d3bc3668109ca6ac299b416cf56360c6b4a133b1099465e5b1
F:\SEED BANK\RECORDINGS\Recording.m4a,Recording.m4a,Rf5b62e5f052c,,F:\SEED BANK\RECORDINGS\Unidentified Audio\2026-04-02 - Audio note - content unconfirmed - Recording - Rf5b62e5f052c.m4a,f5b62e5f052c2b02c71389dbe8200ee4240e52da06835d8065f0df4aec1b4f7f
C:\Users\benja\Dropbox\THE PERFORMANCE TEAM\Sound Recordings\GABE_BEN_BBDF_5min_chunks\GABE_BEN_BBDF_5min_chunks\GABE_BEN_BBDF_part_02.m4a,GABE_BEN_BBDF_part_02.m4a,R0335041111c9,,F:\SEED BANK\RECORDINGS\Derivatives\Ben and Gabe\GABE_BEN_BBDF_part_02.m4a,0335041111c969caa29e736960b91dbe3767babdfcd95eb3dde8efb701344983
C:\Users\benja\Dropbox\THE PERFORMANCE TEAM\Sound Recordings\GABE_BEN_BBDF_5min_chunks\GABE_BEN_BBDF_5min_chunks\GABE_BEN_BBDF_part_31.m4a,GABE_BEN_BBDF_part_31.m4a,R0f846ec90fd1,,F:\SEED BANK\RECORDINGS\Derivatives\Ben and Gabe\GABE_BEN_BBDF_part_31.m4a,0f846ec90fd168f8fbed26d4d99838510c72caf12dc8ca5e2f3650858864e9a3
C:\Users\benja\Dropbox\THE PERFORMANCE TEAM\Sound Recordings\GABE_BEN_BBDF_5min_chunks\GABE_BEN_BBDF_5min_chunks\GABE_BEN_BBDF_part_17.m4a,GABE_BEN_BBDF_part_17.m4a,R15b302d39938,,F:\SEED BANK\RECORDINGS\Derivatives\Ben and Gabe\GABE_BEN_BBDF_part_17.m4a,15b302d39938718d132725bd5fbd7b137327952c321b29d512c34ff7f2394d9c
C:\Users\benja\Dropbox\THE PERFORMANCE TEAM\Sound Recordings\GABE_BEN_BBDF_5min_chunks\GABE_BEN_BBDF_5min_chunks\GABE_BEN_BBDF_part_18.m4a,GABE_BEN_BBDF_part_18.m4a,R1ee156de0d8a,,F:\SEED BANK\RECORDINGS\Derivatives\Ben and Gabe\GABE_BEN_BBDF_part_18.m4a,1ee156de0d8a3836da4e35049d5183b3503fe8afc1dda31d04c2a2d41831f259
C:\Users\benja\Dropbox\THE PERFORMANCE TEAM\Sound Recordings\GABE_BEN_BBDF_5min_chunks\GABE_BEN_BBDF_5min_chunks\GABE_BEN_BBDF_part_36.m4a,GABE_BEN_BBDF_part_36.m4a,R208e0292d000,,F:\SEED BANK\RECORDINGS\Derivatives\Ben and Gabe\GABE_BEN_BBDF_part_36.m4a,208e0292d000425bb5ef36ceb17ece64812fc67156b3dc637c086bc3dd565c9d
C:\Users\benja\Dropbox\THE PERFORMANCE TEAM\Sound Recordings\GABE_BEN_BBDF_5min_chunks\GABE_BEN_BBDF_5min_chunks\GABE_BEN_BBDF_part_26.m4a,GABE_BEN_BBDF_part_26.m4a,R23b29f8787ad,,F:\SEED BANK\RECORDINGS\Derivatives\Ben and Gabe\GABE_BEN_BBDF_part_26.m4a,23b29f8787ad0a2570077778e1a247d9eb95e76e059b1ad563546daea52c8566
C:\Users\benja\Dropbox\THE PERFORMANCE TEAM\Sound Recordings\GABE_BEN_BBDF_5min_chunks\GABE_BEN_BBDF_5min_chunks\GABE_BEN_BBDF_part_35.m4a,GABE_BEN_BBDF_part_35.m4a,R26753437793e,,F:\SEED BANK\RECORDINGS\Derivatives\Ben and Gabe\GABE_BEN_BBDF_part_35.m4a,26753437793e6705e7303bc2d675f6b9a3a6ad89f0bf2d5282c759e8905449bc
C:\Users\benja\Dropbox\THE PERFORMANCE TEAM\Sound Recordings\GABE_BEN_BBDF_5min_chunks\GABE_BEN_BBDF_5min_chunks\GABE_BEN_BBDF_part_08.m4a,GABE_BEN_BBDF_part_08.m4a,R2a56010de534,,F:\SEED BANK\RECORDINGS\Derivatives\Ben and Gabe\GABE_BEN_BBDF_part_08.m4a,2a56010de534ab2835ffd4b77f3e2ad8ea59b9064fc5afeede5d82fc8496db69
C:\Users\benja\Dropbox\THE PERFORMANCE TEAM\Sound Recordings\GABE_BEN_BBDF_5min_chunks\GABE_BEN_BBDF_5min_chunks\GABE_BEN_BBDF_part_27.m4a,GABE_BEN_BBDF_part_27.m4a,R2bbf9c2a3ac6,,F:\SEED BANK\RECORDINGS\Derivatives\Ben and Gabe\GABE_BEN_BBDF_part_27.m4a,2bbf9c2a3ac68f49d17f3336088afae3bbc6bd1f4b15884c3917ca0be9f0454d
C:\Users\benja\Dropbox\THE PERFORMANCE TEAM\Sound Recordings\GABE_BEN_BBDF_5min_chunks\GABE_BEN_BBDF_5min_chunks\GABE_BEN_BBDF_part_09.m4a,GABE_BEN_BBDF_part_09.m4a,R2c35beeeba45,,F:\SEED BANK\RECORDINGS\Derivatives\Ben and Gabe\GABE_BEN_BBDF_part_09.m4a,2c35beeeba459f962981d8cdbf0ddd324aeddb3e3387b6cbb31794dc843a0c54
C:\Users\benja\Dropbox\THE PERFORMANCE TEAM\Sound Recordings\GABE_BEN_BBDF_5min_chunks\GABE_BEN_BBDF_5min_chunks\GABE_BEN_BBDF_part_03.m4a,GABE_BEN_BBDF_part_03.m4a,R2c3a19673e9b,,F:\SEED BANK\RECORDINGS\Derivatives\Ben and Gabe\GABE_BEN_BBDF_part_03.m4a,2c3a19673e9b199f42e41e85bb9f2b1d6814c18a890673d2fd02d8cdf6e4868d
C:\Users\benja\Dropbox\THE PERFORMANCE TEAM\Sound Recordings\GABE_BEN_BBDF_5min_chunks\GABE_BEN_BBDF_5min_chunks\GABE_BEN_BBDF_part_28.m4a,GABE_BEN_BBDF_part_28.m4a,R349786a27527,,F:\SEED BANK\RECORDINGS\Derivatives\Ben and Gabe\GABE_BEN_BBDF_part_28.m4a,349786a27527a1109d452eba053cc5c831f1631aa590e42d3d80847d460e3f6f
C:\Users\benja\Dropbox\THE PERFORMANCE TEAM\Sound Recordings\GABE_BEN_BBDF_5min_chunks\GABE_BEN_BBDF_5min_chunks\GABE_BEN_BBDF_part_29.m4a,GABE_BEN_BBDF_part_29.m4a,R3fd4b3a44418,,F:\SEED BANK\RECORDINGS\Derivatives\Ben and Gabe\GABE_BEN_BBDF_part_29.m4a,3fd4b3a444181024b84b1604d3f18fa94a478650be8c9e6d813332c85fa997e0
C:\Users\benja\Dropbox\THE PERFORMANCE TEAM\Sound Recordings\GABE_BEN_BBDF_5min_chunks\GABE_BEN_BBDF_5min_chunks\GABE_BEN_BBDF_part_34.m4a,GABE_BEN_BBDF_part_34.m4a,R4417a633d4f6,,F:\SEED BANK\RECORDINGS\Derivatives\Ben and Gabe\GABE_BEN_BBDF_part_34.m4a,4417a633d4f6472fbe44b03c2b4dc4f3f16fd2c6d2430d19eff46574cb317843
C:\Users\benja\Dropbox\THE PERFORMANCE TEAM\Sound Recordings\GABE_BEN_BBDF_5min_chunks\GABE_BEN_BBDF_5min_chunks\GABE_BEN_BBDF_part_12.m4a,GABE_BEN_BBDF_part_12.m4a,R5b720b141127,,F:\SEED BANK\RECORDINGS\Derivatives\Ben and Gabe\GABE_BEN_BBDF_part_12.m4a,5b720b14112737c53d71edc4a6c0d59cfb5ccfdf79f0879e9bceed8d79881712
C:\Users\benja\Dropbox\THE PERFORMANCE TEAM\Sound Recordings\GABE_BEN_BBDF_5min_chunks\GABE_BEN_BBDF_5min_chunks\GABE_BEN_BBDF_part_23.m4a,GABE_BEN_BBDF_part_23.m4a,R5dc444c1f805,,F:\SEED BANK\RECORDINGS\Derivatives\Ben and Gabe\GABE_BEN_BBDF_part_23.m4a,5dc444c1f805ddd8789a070f6eba0c03ec41e2211f6b14bd16459b131598ad2c
C:\Users\benja\Dropbox\THE PERFORMANCE TEAM\Sound Recordings\GABE_BEN_BBDF_5min_chunks\GABE_BEN_BBDF_5min_chunks\GABE_BEN_BBDF_part_30.m4a,GABE_BEN_BBDF_part_30.m4a,R6862275236f5,,F:\SEED BANK\RECORDINGS\Derivatives\Ben and Gabe\GABE_BEN_BBDF_part_30.m4a,6862275236f5208c55a59785f566584d31aa4259b82207bf380ec8c5fe6c8102
C:\Users\benja\Dropbox\THE PERFORMANCE TEAM\Sound Recordings\GABE_BEN_BBDF_5min_chunks\GABE_BEN_BBDF_5min_chunks\GABE_BEN_BBDF_part_01.m4a,GABE_BEN_BBDF_part_01.m4a,R71a8d9736212,,F:\SEED BANK\RECORDINGS\Derivatives\Ben and Gabe\GABE_BEN_BBDF_part_01.m4a,71a8d97362121fef7963b530f44e7a8770553631c077397a8b233b9d434db0e5
C:\Users\benja\Dropbox\THE PERFORMANCE TEAM\Sound Recordings\GABE_BEN_BBDF_5min_chunks\GABE_BEN_BBDF_5min_chunks\GABE_BEN_BBDF_part_19.m4a,GABE_BEN_BBDF_part_19.m4a,R83e92baed7bd,,F:\SEED BANK\RECORDINGS\Derivatives\Ben and Gabe\GABE_BEN_BBDF_part_19.m4a,83e92baed7bdaeb3c825b99f7f8909a21ebc5795b1562939e5d029485e77be8b
C:\Users\benja\Dropbox\THE PERFORMANCE TEAM\Sound Recordings\GABE_BEN_BBDF_5min_chunks\GABE_BEN_BBDF_5min_chunks\GABE_BEN_BBDF_part_14.m4a,GABE_BEN_BBDF_part_14.m4a,R89b2e3618021,,F:\SEED BANK\RECORDINGS\Derivatives\Ben and Gabe\GABE_BEN_BBDF_part_14.m4a,89b2e361802124610df91330301ee86d1106dfe2520c3e6fd68f8b66e3aac8a5
C:\Users\benja\Dropbox\THE PERFORMANCE TEAM\Sound Recordings\GABE_BEN_BBDF_5min_chunks\GABE_BEN_BBDF_5min_chunks\GABE_BEN_BBDF_part_05.m4a,GABE_BEN_BBDF_part_05.m4a,R8cf985848638,,F:\SEED BANK\RECORDINGS\Derivatives\Ben and Gabe\GABE_BEN_BBDF_part_05.m4a,8cf985848638dae4d8d6bdc6d27e7159d5926dce33db4c32a68680955e6e2f96
C:\Users\benja\Dropbox\THE PERFORMANCE TEAM\Sound Recordings\GABE_BEN_BBDF_5min_chunks\GABE_BEN_BBDF_5min_chunks\GABE_BEN_BBDF_part_24.m4a,GABE_BEN_BBDF_part_24.m4a,R8da5ea5cff2f,,F:\SEED BANK\RECORDINGS\Derivatives\Ben and Gabe\GABE_BEN_BBDF_part_24.m4a,8da5ea5cff2ffddd4143b5115dce6b8ab1902f2a0cc71e3144b9af1e91fa2c89
C:\Users\benja\Dropbox\THE PERFORMANCE TEAM\Sound Recordings\GABE_BEN_BBDF_5min_chunks\GABE_BEN_BBDF_5min_chunks\GABE_BEN_BBDF_part_33.m4a,GABE_BEN_BBDF_part_33.m4a,Ra15e68a6a900,,F:\SEED BANK\RECORDINGS\Derivatives\Ben and Gabe\GABE_BEN_BBDF_part_33.m4a,a15e68a6a900601f824b4a964272d36393ca6e1e70c78d12c110e1bf23e4d24e
C:\Users\benja\Dropbox\THE PERFORMANCE TEAM\Sound Recordings\GABE_BEN_BBDF_5min_chunks\GABE_BEN_BBDF_5min_chunks\GABE_BEN_BBDF_part_06.m4a,GABE_BEN_BBDF_part_06.m4a,Ra28071b0acd3,,F:\SEED BANK\RECORDINGS\Derivatives\Ben and Gabe\GABE_BEN_BBDF_part_06.m4a,a28071b0acd34ee17b2ec8fbf0654cb532dc1c7f106a5f282091e2235f447fd3
C:\Users\benja\Dropbox\THE PERFORMANCE TEAM\Sound Recordings\GABE_BEN_BBDF_5min_chunks\GABE_BEN_BBDF_5min_chunks\GABE_BEN_BBDF_part_07.m4a,GABE_BEN_BBDF_part_07.m4a,Ra367b47b3656,,F:\SEED BANK\RECORDINGS\Derivatives\Ben and Gabe\GABE_BEN_BBDF_part_07.m4a,a367b47b3656791c8dae505d990b8a4ef8af474ad97ecb1a5ff9ac724160cea1
C:\Users\benja\Dropbox\THE PERFORMANCE TEAM\Sound Recordings\GABE_BEN_BBDF_5min_chunks\GABE_BEN_BBDF_5min_chunks\GABE_BEN_BBDF_part_10.m4a,GABE_BEN_BBDF_part_10.m4a,Rb3e12003be35,,F:\SEED BANK\RECORDINGS\Derivatives\Ben and Gabe\GABE_BEN_BBDF_part_10.m4a,b3e12003be35fc572f3d48834f2bac8e21709accce79dd9bc0442aca51378200
C:\Users\benja\Dropbox\THE PERFORMANCE TEAM\Sound Recordings\GABE_BEN_BBDF_5min_chunks\GABE_BEN_BBDF_5min_chunks\GABE_BEN_BBDF_part_22.m4a,GABE_BEN_BBDF_part_22.m4a,Rbb818bf40d20,,F:\SEED BANK\RECORDINGS\Derivatives\Ben and Gabe\GABE_BEN_BBDF_part_22.m4a,bb818bf40d20793eae0dc54c6bc49a9a26896fa837416f59b5918097e4559f8f
C:\Users\benja\Dropbox\THE PERFORMANCE TEAM\Sound Recordings\GABE_BEN_BBDF_5min_chunks\GABE_BEN_BBDF_5min_chunks\GABE_BEN_BBDF_part_32.m4a,GABE_BEN_BBDF_part_32.m4a,Rcba2f6fb4015,,F:\SEED BANK\RECORDINGS\Derivatives\Ben and Gabe\GABE_BEN_BBDF_part_32.m4a,cba2f6fb40159ba99f03c2a683246057d3138419a9f0c07a6c4ae98d81f906b5
C:\Users\benja\Dropbox\THE PERFORMANCE TEAM\Sound Recordings\GABE_BEN_BBDF_5min_chunks\GABE_BEN_BBDF_5min_chunks\GABE_BEN_BBDF_part_04.m4a,GABE_BEN_BBDF_part_04.m4a,Rce6b80c7ad24,,F:\SEED BANK\RECORDINGS\Derivatives\Ben and Gabe\GABE_BEN_BBDF_part_04.m4a,ce6b80c7ad24e80311563bc77f2407e53c6f746d055cd300c34ebadb8cbb1442
C:\Users\benja\Dropbox\THE PERFORMANCE TEAM\Sound Recordings\GABE_BEN_BBDF_5min_chunks\GABE_BEN_BBDF_5min_chunks\GABE_BEN_BBDF_part_25.m4a,GABE_BEN_BBDF_part_25.m4a,Rd808d651a3b9,,F:\SEED BANK\RECORDINGS\Derivatives\Ben and Gabe\GABE_BEN_BBDF_part_25.m4a,d808d651a3b96e3c3805d9fd6a70e29d47b2a3f1ef303f7a327961d29eb0de78
C:\Users\benja\Dropbox\THE PERFORMANCE TEAM\Sound Recordings\GABE_BEN_BBDF_5min_chunks\GABE_BEN_BBDF_5min_chunks\GABE_BEN_BBDF_part_16.m4a,GABE_BEN_BBDF_part_16.m4a,Rdaee19d375c9,,F:\SEED BANK\RECORDINGS\Derivatives\Ben and Gabe\GABE_BEN_BBDF_part_16.m4a,daee19d375c9146341fb7871ef5cd02f64f950b84dc912cd66440eaa09479889
C:\Users\benja\Dropbox\THE PERFORMANCE TEAM\Sound Recordings\GABE_BEN_BBDF_5min_chunks\GABE_BEN_BBDF_5min_chunks\GABE_BEN_BBDF_part_15.m4a,GABE_BEN_BBDF_part_15.m4a,Rdfdcf09c73dc,,F:\SEED BANK\RECORDINGS\Derivatives\Ben and Gabe\GABE_BEN_BBDF_part_15.m4a,dfdcf09c73dc2517ad1bfae7154d5bfad0c6880766ede2f78762af8d9778309c
C:\Users\benja\Dropbox\THE PERFORMANCE TEAM\Sound Recordings\GABE_BEN_BBDF_5min_chunks\GABE_BEN_BBDF_5min_chunks\GABE_BEN_BBDF_part_13.m4a,GABE_BEN_BBDF_part_13.m4a,Re4b696df6928,,F:\SEED BANK\RECORDINGS\Derivatives\Ben and Gabe\GABE_BEN_BBDF_part_13.m4a,e4b696df692831337c91c111daaa5d385f536eaf96b2986dff2fdfae29d0e531
C:\Users\benja\Dropbox\THE PERFORMANCE TEAM\Sound Recordings\GABE_BEN_BBDF_5min_chunks\GABE_BEN_BBDF_5min_chunks\GABE_BEN_BBDF_part_21.m4a,GABE_BEN_BBDF_part_21.m4a,Rea2c7efdbf63,,F:\SEED BANK\RECORDINGS\Derivatives\Ben and Gabe\GABE_BEN_BBDF_part_21.m4a,ea2c7efdbf63e502e93b8a20e3bba1174b4fa1f5589ca865fcecd2a5a4bbc450
C:\Users\benja\Dropbox\THE PERFORMANCE TEAM\Sound Recordings\GABE_BEN_BBDF_5min_chunks\GABE_BEN_BBDF_5min_chunks\GABE_BEN_BBDF_part_11.m4a,GABE_BEN_BBDF_part_11.m4a,Rfb9105a4d3d6,,F:\SEED BANK\RECORDINGS\Derivatives\Ben and Gabe\GABE_BEN_BBDF_part_11.m4a,fb9105a4d3d62b1573260f21c993433eef064fe06120356c358b4fb1a6ffa458
C:\Users\benja\Dropbox\THE PERFORMANCE TEAM\Sound Recordings\GABE_BEN_BBDF_5min_chunks\GABE_BEN_BBDF_5min_chunks\GABE_BEN_BBDF_part_20.m4a,GABE_BEN_BBDF_part_20.m4a,Rfe9e48d4a886,,F:\SEED BANK\RECORDINGS\Derivatives\Ben and Gabe\GABE_BEN_BBDF_part_20.m4a,fe9e48d4a8865f552695d0ef61c8466eb543826d02e97d054272a46db64e0d0a
